nombre_colegio,localidad,direccion,telefono,email,tipo_discapacidad
COLEGIO SAN MARTIN DE PORRES (IED),CHAPINERO,"Chapinero Cr2 # 44 – 36",2328403,escdisanmartindepo2@redp.edu.co,DISCAPACIDAD INTELECTUAL
COLEGIO CAMPESTRE MONTE VERDE (IED),CHAPINERO,"Calle 81 # 11 - 71",2578444,admisiones@colegionuevogimnasio.edu.co,DISCAPACIDAD INTELECTUAL
FUNDACIÓN DE ASISTENCIA SOCOMERCIAL MADRE RAFOLS,CHAPINERO,"Cr. 31 #.63-39 Benjamín Herrera",2558813,,DISCAPACIDAD INTELECTUAL
INSTITUCIÓN EDUCATIVA GIMNASIO DEVIS,CHAPINERO,"CR. 59 # 173-82 San José de Bavaria",6711342,gimnasionanita@yahoo.com,DISCAPACIDAD INTELECTUAL
UNIDAD PREESCOLAR SANTA MÓNICA,CHAPINERO,"CR. 38 # 55-18 (Nicolás Federmann)",3153421,AMRO001@hotmail.com,DISCAPACIDAD INTELECTUAL
COLEGIO DEL SAGRADO CORAZÓN DE JESÚS BETHELEMITAS,CHAPINERO,"KR 7 #65-42 Granada",3479700,info@bethlemitasbogota.edu.co,DISCAPACIDAD INTELECTUAL
CENTROS CRECER,CHAPINERO,"Cl. 88 #122I-46, Bogotá",4317976,,DISCAPACIDAD INTELECTUAL
AULA HÚMEDA,CHAPINERO,"Calle 72 #11. (Universidad Pedagógica Nacional)",,,"DISCAPACIDAD INTELECTUAL, VISUAL, AUDITIVA"
COLEGIO ANTONIO JOSE URIBE (IED),SANTA FÉ,"Santafé CLL 3#9-80 barrio Santa Bárbara",2893956,coldiantoniojoseur3@redp.edu.o,DISCAPACIDAD INTELECTUAL
COLEGIO AULAS COLOMBIANAS SAN LUIS (IED),SANTA FÉ,"Santafé Carrera 11 ESTE # 1A-85. Barrio El Rocío",3281041,,DISCAPACIDAD INTELECTUAL
COLEGIO JORGE SOTO DEL CORRAL (IED),SANTA FÉ,"Santa fe Calle 1D Bis #2-36 Este, Barrio Girardot",2338397,coldijorgesotodelc3@redp.edu.co,DISCAPACIDAD INTELECTUAL
COLEGIO MANUEL ELKIN PATARROYO (IED),SANTA FÉ,"Santafé Carrera 4 #32-92, Barrio La Perseverancia",3383844,cedmanuelelkinpat3@redp.edu.co,DISCAPACIDAD INTELECTUAL
FUNDACIÓN FÉ,SANTA FÉ,"Calle 36 # 6 – 25",,fundacionfe@fundacionfe.org,DISCAPACIDAD INTELECTUAL
JARDIN INFANTIL UNIVERSIDAD CENTRAL,SANTA FÉ,"CL 21 #3-60 Las Nieves",3417604,jardinucentral@hotmail.com,DISCAPACIDAD INTELECTUAL
LICEO NACIONAL POLICARPA SALAVARRIETA,SANTA FÉ,"CL 28 #5A-06 San Martin",3341965,lnalpolicarpasalav3@redp.edu.co,DISCAPACIDAD INTELECTUAL
COLEGIO ENTRE NUBES SUR ORIENTAL (IED),SAN CRISTÓBAL,"San Cristóbal Calle 43B SUR # 1D-03 ESTE. Barrio Canadá Güira",3645976,,DISCAPACIDAD INTELECTUAL
COLEGIO JUANA ESCOBAR (IED),SAN CRISTÓBAL,"San Cristóbal Carrera 15 ESTE # 58-04 SUR. Barrio San Rafael Usme/",3652789,,DISCAPACIDAD INTELECTUAL
COLEGIO LA VICTORIA (IED),SAN CRISTÓBAL,"San Cristóbal carrera 3B ESTE # 38-25 SUR. Barrio La Victoria",2068504,,DISCAPACIDAD INTELECTUAL
COLEGIO LOS ALPES (IED),SAN CRISTÓBAL,"San Cristóbal Carrera 12 ESTE # 33A-80 SUR",3670125,,DISCAPACIDAD INTELECTUAL
COLEGIO RAFAEL NUÑEZ (IED),SAN CRISTÓBAL,"San Cristóbal Carrera 9A #18-74. Barrio Sosiego",2789919,cedrafaelnenez4@redp.edu.co,DISCAPACIDAD INTELECTUAL
CENTRO EDUCATIVO DISTRITAL ANDRÉS ROSILLO Y MERUELO,SAN CRISTÓBAL,"CL 22 SUR N°.9 - 38",2390207,,DISCAPACIDAD INTELECTUAL
INSTITUTO SALCEDO,SAN CRISTÓBAL,"DG. 46 SUR N°. 5 L-17 Carmen del Sol",5675458,,DISCAPACIDAD INTELECTUAL
JARDIN INFANTIL BOSQUE DE SAN CARLOS,SAN CRISTÓBAL,"CLL. 31F SUR N°.13-49 Hospital San Carlos",3611466,gardenyazcarclubcomunal@hotmail.com,DISCAPACIDAD INTELECTUAL
CENTRO EDUCATIVO DISTRITAL JUAN XXIII,SAN CRISTÓBAL,"KR 6 ESTE 11-49 SUR San Cristóbal Sur",2462211,,DISCAPACIDAD INTELECTUAL
CENTRO EDUCATIVO DISTRITAL SANTAFEREÑA I,SAN CRISTÓBAL,"KR 3A ESTE 35-53 SUR Las Guacamayas",3678402,,DISCAPACIDAD INTELECTUAL
COLEGIO JOSE FELIX RESTREPO (IED),SAN CRISTÓBAL,,,,"DISCAPACIDAD INTELECTUAL"
COLEGIO ATABANZHA (IED),USME,"Usme Barrio Valle de Cafam Calle 92. Sur No. 2-43",7641220,colatabanzha@redp.edu.co,DISCAPACIDAD INTELECTUAL
COLEGIO BRASILIA - USME (IED),USME,"Usme Carrera Bis b este #73d-a sur. Barrio Santa librada",7622130,,DISCAPACIDAD INTELECTUAL
COLEGIO CHUNIZA (IED),USME,"Usme Carrera 1G este #84A-42 SUR. Barrio Chuniza",7673402,cedchuniza5@redp.edu.co,DISCAPACIDAD INTELECTUAL
COLEGIO CIUDAD DE VILLAVICENCIO (IED),USME,"Usme Carrera 7F ESTE # 114A-60 SUR. Barrio Puerta Al Llano De Usme",7735522,escdipuertaalllano5@redp.edu.co,DISCAPACIDAD INTELECTUAL
COLEGIO GRAN YOMASA (IED),USME,,,,"DISCAPACIDAD INTELECTUAL"
COLEGIO CENTRO INTEGRAL JOSE MARIA CORDOBA (IED),USME,,,,"DISCAPACIDAD INTELECTUAL"
COLEGIO DIEGO MONTAÑA CUELLAR (IED),USME,"Usme Transversal 1 # 95A-20 SUR. Barrio Monte Blanco",7616822,edmonteblanco5@redp.edu.co,DISCAPACIDAD INTELECTUAL
COLEGIO EDUARDO UMAÑA MENDOZA (IED),USME,"Usme CL 111 A BIS SUR # 4 A - 41 ESTE. Barrio VILLA ISRAEL",7688322,,DISCAPACIDAD INTELECTUAL
COLEGIO EL CORTIJO - VIANEY (IED),USME,"Usme Calle 73 B S 1 D-06",7671641,,DISCAPACIDAD INTELECTUAL
COLEGIO EL VIRREY JOSE SOLIS (IED),USME,"Usme Carrera 2B ESTE # 92-41 SUR",7671634,,DISCAPACIDAD INTELECTUAL
COLEGIO FEDERICO GARCIA LORCA (IED),USME,"Usme Carrera 4D ESTE # 89-55 SUR. Barrio Chuniza",7682629,,DISCAPACIDAD INTELECTUAL
COLEGIO FERNANDO GONZALEZ OCHOA (IED),USME,"Usme Carrera 4D ESTE # 89-55 SUR. Barrio Chuniza",7682629,,DISCAPACIDAD INTELECTUAL
COLEGIO LAS VIOLETAS (IED),USME,"Usme Calle 83 SUR # 13-33 ESTE. Barrio Tabaque Sur",3651599,cedlasvioletas5@redp.edu.co,DISCAPACIDAD INTELECTUAL
COLEGIO LOS TEJARES (IED),USME,"Usme Calle 79 SUR # 5F-48 ESTE. Barrio El Curubo",7730968,,DISCAPACIDAD INTELECTUAL
COLEGIO LUIS EDUARDO MORA OSEJO (IED),USME,"Usme. Calle 91 SUR # 3B - 42 ESTE. Barrio El virrey",7640654,,DISCAPACIDAD INTELECTUAL
COLEGIO MIGUEL DE CERVANTES SAAVEDRA (IED),USME,"Carrera 1A # 76 Bis-15",2001004,,DISCAPACIDAD INTELECTUAL
COLEGIO NUEVA ESPERANZA (IED),USME,"Cr. 15 Este No. 76-59 Barrio La Esperanza",3653700,cednvaesperanza5@redp.edu.co,DISCAPACIDAD INTELECTUAL
COLEGIO RURAL EL CURUBITAL,USME,"Dirección Zona rural Km 15 vía San Juan de Sumapaz",6392005,cedelcurubital5@redp.edu.co,DISCAPACIDAD INTELECTUAL
COLEGIO SANTA LIBRADA (IED),USME,"76 Sur No. 1A - 39 Este",,,"DISCAPACIDAD INTELECTUAL"
CENTRO EDUCATIVO DISTRITAL NUEVO SAN ANDRES DE LOS ALTOS,USME,"CL 69 SUR 2B-15 Nuevo San Andrés",7688210,nuevosnandre5@gmail.com,DISCAPACIDAD INTELECTUAL
COLEGIO ARIEL DAVID,USME,"KR 2A ESTE 88-16 SUR Chuniza",7732092,colegioarieldavid@hotmail.com,DISCAPACIDAD INTELECTUAL
COLEGIO CENTRO CULTURAL,USME,"CL 72 SUR 2A-32 La Aurora",5699286,colegiocentrocultural22@latinmail.com,DISCAPACIDAD INTELECTUAL
CENTROS CRECER,USME,"Carrera 2 ESTE # 75 A - 22 SUR – Santa Librada",7735924,,DISCAPACIDAD INTELECTUAL
LICEO PEDAGÓGICO ENRIQUE PESTALOZZI,USME,"CLL. 96 SUR N°. 4B-24 ESTE Serranías I",7624057,pestalozzi98@hotmail.com,DISCAPACIDAD INTELECTUAL
COLEGIO INEM SANTIAGO PEREZ (IED),TUNJUELITO,"Dirección Calle 48b sur #28-56. Barrio El Carmen",7603737,inemsantiagoperez6@redp.edu.co,DISCAPACIDAD INTELECTUAL
COLEGIO INSTITUTO TECNICO INDUSTRIALPILOTO (IED),TUNJUELITO,"Carrera 35 N° 51B - 87 Sur",7410956,itinpdpiloto6@redp.edu.co,DISCAPACIDAD INTELECTUAL
COLEGIO ISLA DEL SOL (IED),TUNJUELITO,"Calle 67 B Sur Nº 63-15",7131213,,DISCAPACIDAD INTELECTUAL
COLEGIO SAN CARLOS (IED),TUNJUELITO,,,,"DISCAPACIDAD INTELECTUAL"
COLEGIO RUFINO JOSE CUERVO,TUNJUELITO,"Carrera 12 N° 52-20 Sur Bogotá D.C.",7694936,,DISCAPACIDAD INTELECTUAL
CENTRO EDUCATIVO DISTRITAL LA ALQUERIA,TUNJUELITO,"CL 40B SUR 52C-60 Alquería",2384455,,DISCAPACIDAD INTELECTUAL
CENTRO EDUCATIVO DISTRITAL MUZU,TUNJUELITO,"CL 39 SUR 51F-59 Barrio Ospina Pérez",2384240,,DISCAPACIDAD INTELECTUAL
CENTRO INTEGRAL SANTAFE DE BOGOTA,TUNJUELITO,"KR 24D 49-50 SUR Tunal Oriental",7697118,,DISCAPACIDAD INTELECTUAL
COLEGIO SANTA CECILIA,TUNJUELITO,"DG 48 SUR 54B-04 Venecia",5633975,colsantacecilia@yahoo.es,DISCAPACIDAD INTELECTUAL
INSTITUCION EDUCATIVA GIMNASIO VILLA MARIN,TUNJUELITO,"CL 31B SUR 15B-12 Gustavo Restrepo",2788896,gimnasio_villamarin@hotmail.com,DISCAPACIDAD INTELECTUAL
COLEGIO NUESTRA SEÑORA DE LA PAZ,TUNJUELITO,"CL 1F 18C-21 Eduardo Santos",3336024,colegio_ntra_sra_delapaz@hotmail.com,DISCAPACIDAD INTELECTUAL
CENTROS CRECER,TUNJUELITO,"Diagonal 53 SUR # 59 – 57 Nuevo Muzu",3124499534,,DISCAPACIDAD INTELECTUAL
COLEGIO ALFONSO LÓPEZ MICHELSEN (IED),BOSA,"Cadel Bosa Calle 61 SUR # 80 H – 28",7826028,,DISCAPACIDAD INTELECTUAL
COLEGIO BOSANOVA (IED),BOSA,"Calle 59B # 87B-02 Sur",7839623,,DISCAPACIDAD INTELECTUAL
COLEGIO PABLO DE TARSO (IED),BOSA,"Cadel Bosa Calle 61 SUR # 80 H - 28",7826028,,DISCAPACIDAD INTELECTUAL
COLEGIO CARLOS PIZARRO LEON GOMEZ (IED),BOSA,"Calle 72 Sur # 100A-71",7234591,,DISCAPACIDAD INTELECTUAL
COLEGIO JOSE FRANCISCO SOCARRAS (IED),BOSA,"KR 88 C 66 A 03 SUR",7238531,josefrancisco.socarras@gmail.com,DISCAPACIDAD INTELECTUAL
COLEGIO CARLOS ALBAN HOLGUIN (IED),BOSA,"Cadel Bosa Calle 61 SUR # 80 H - 28",7826028,,DISCAPACIDAD INTELECTUAL
COLEGIO CIUDADELA EDUCATIVA DE BOSA (IED),BOSA,"Cadel Bosa Calle 61 SUR # 80 H - 28",7826028,,DISCAPACIDAD INTELECTUAL
COLEGIO EL PORVENIR (IED),BOSA,"Cadel Bosa Calle 61 SUR # 80 H – 28",7826028,,DISCAPACIDAD INTELECTUAL
COLEGIO FERNANDO MAZUERA VILLEGAS (IED),BOSA,"Cadel Bosa Calle 61 SUR # 80 H – 28",7826028,,DISCAPACIDAD INTELECTUAL
COLEGIO KIMY PERNÍA DOMICÓ (IED),BOSA,"Cadel Bosa Calle 61 SUR # 80 H – 28",7826028,,DISCAPACIDAD INTELECTUAL
COLEGIO LUIS LOPEZ DE MESA (IED),BOSA,"Cadel Bosa Calle 61 SUR # 80 H – 28",7826028,,DISCAPACIDAD INTELECTUAL
COLEGIO NUEVO CHILE (IED),BOSA,"Cadel Bosa Calle 61 SUR # 80 H – 28",7826028,,DISCAPACIDAD INTELECTUAL
COLEGIO ORLANDO HIGUITA ROJAS (IED),BOSA,"Cadel Bosa Calle 61 SUR # 80 H – 28",7826028,,DISCAPACIDAD INTELECTUAL
COLEGIO PABLO DE TARSO (IED),BOSA,"Cadel Bosa Calle 61 SUR # 80 H – 28",7826028,,DISCAPACIDAD INTELECTUAL
COLEGIO VILLAS DEL PROGRESO (CED),BOSA,"Cadel Bosa Calle 61 SUR # 80 H – 28",7826028,,DISCAPACIDAD INTELECTUAL
COLEGIO COLOMBO JAPONES,BOSA,"CL 63 SUR 77M-66 Andalucía II",7803872,int_coljap@hotmail.com,DISCAPACIDAD INTELECTUAL
INSTITUCION EDUCATIVA GIMNASIO GARABATOS DE COLORES,BOSA,"CL 65G SUR 79B-20 Jiménez de Quesada",7190965,garabatosoffcolors@hotmail.com,DISCAPACIDAD INTELECTUAL
COLEGIO PEDAGOGICO DEL ESPIRITU SANTO COPES,BOSA,"AV CLL 68 #102- 23",4333063,colegio_copes@hotmail.com,DISCAPACIDAD INTELECTUAL
JARDIN INFANTIL MIS PRIMEROS TRAZOS,BOSA,"CLL. 72C SUR NO.78B-66 Villa Anny II",7823017,misprimerostrazos@gmail.com,DISCAPACIDAD INTELECTUAL
LICEO ALFREDO NOBEL,BOSA,"TR. 86 BIS N°.64B-25 SUR Jiménez de Quesada",7750239,liceo_nobel@hotmail.com,DISCAPACIDAD INTELECTUAL
COLEGIO ESTANCIA DE BOSA,BOSA,"CR. 97C N°.62A-43 SUR Bosa Nova el Porvenir",7846654,colestanciabosa@hotmail.com,DISCAPACIDAD INTELECTUAL
CENTROS CRECER,BOSA,"Calle 68 A SUR # 81 – 27",7808402,,DISCAPACIDAD INTELECTUAL
COLEGIO CARLOS ARANGO VELEZ (IED),KENNEDY,"Cadel Kennedy Carrera 78 J Calle 39 SUR Esquina",4524616,,DISCAPACIDAD INTELECTUAL
COLEGIO ISABEL II (IED),KENNEDY,,,,"DISCAPACIDAD INTELECTUAL"
COLEGIO CARLOS ARTURO TORRES (IED),KENNEDY,"Cadel Kennedy Carrera 78 J Calle 39 SUR Esquina",4524616,,DISCAPACIDAD INTELECTUAL
COLEGIO GABRIEL BETANCOURT MEJIA (IED),KENNEDY,"Cadel Kennedy Carrera 78 J Calle 39 SUR Esquina",4524616,,DISCAPACIDAD INTELECTUAL
COLEGIO JACKELINE (CED),KENNEDY,"Cadel Kennedy Carrera 78 J Calle 39 SUR Esquina",4524616,,DISCAPACIDAD INTELECTUAL
COLEGIO JAIRO ANIBAL NIÑO (CED),KENNEDY,"Cadel Kennedy Carrera 78 J Calle 39 SUR Esquina",4524616,,DISCAPACIDAD INTELECTUAL
COLEGIO JOHN F. KENNEDY (IED),KENNEDY,"Cadel Kennedy Carrera 78 J Calle 39 SUR Esquina",4524616,,DISCAPACIDAD INTELECTUAL
COLEGIO LAS AMERICAS (IED),KENNEDY,"Cadel Kennedy Carrera 78 J Calle 39 SUR Esquina",4524616,,DISCAPACIDAD INTELECTUAL
COLEGIO MANUEL CEPEDA VARGAS (IED),KENNEDY,"Cadel Kennedy Carrera 78 J Calle 39 SUR Esquina",4524616,,DISCAPACIDAD INTELECTUAL
GIMNASIO INFANTIL CRECIENDO Y APRENDIENDO,KENNEDY,"CR. 75B N°.41 G-15 SUR Timiza",2992420,,DISCAPACIDAD INTELECTUAL
COLEGIO SALUDCOOP SUR (IED),KENNEDY,"Cadel Kennedy Carrera 78 J Calle 39 SUR Esquina",4524616,,DISCAPACIDAD INTELECTUAL
COLEGIO SAN JOSE DE CASTILLA,KENNEDY,"Cadel Kennedy Carrera 78 J Calle 39 SUR Esquina",4524616,,DISCAPACIDAD INTELECTUAL
CENTRO EDUCATIVO DISTRITAL SAN JOSÉ OCCIDENTAL,KENNEDY,"CL 12 BIS 72-54 Nuevo Techo",,,"DISCAPACIDAD INTELECTUAL"
CENTRO EDUCATIVO DISTRITAL VISIÓN DE COLOMBIA,KENNEDY,"KR 79 C 13A-40",4129080,,DISCAPACIDAD INTELECTUAL
COLEGIO ERNESTO GUHL,KENNEDY,"CL 42G SUR 87G-16 Dindalito",4521719,colernestoguhl@hotmail.es,DISCAPACIDAD INTELECTUAL
COLEGIO INFANTIL DE APRENDIZAJE Y DESARROLLO,KENNEDY,"CLL. 33A SUR N° 80 A-68 Ciudad Kennedy Norte",2642882,www.lufera82@yahoo.com,DISCAPACIDAD INTELECTUAL
INSTITUCION EDUCATIVA GIMNASIO MARONY,KENNEDY,"CLL. 8 BIS N°.70-10 Marsella",2618342,gmarony@hotmail.com,DISCAPACIDAD INTELECTUAL
INSTITUCION EDUCATIVA GIMNASIO MODERNO CASTILLA,KENNEDY,"AC. 8 N°. 78C-04 Castilla",2923247,,DISCAPACIDAD INTELECTUAL
INSTITUTO DISTRITAL CASTILLA,KENNEDY,"CL 7C 78F-20 Castilla",4110023,,DISCAPACIDAD INTELECTUAL
JARDIN INFANTIL IDEAS CREATIVAS DE KENNEDY,KENNEDY,"CLL. 35A SUR N°.77-01 INT. 18 y 20 Ciudad Kennedy Oriental",2731143,linabeltran12@hotmail.com,DISCAPACIDAD INTELECTUAL
JARDIN INFANTIL TALLERIN,KENNEDY,"CLL. 40K SUR N°.75 C 78 Timiza",4538545,jardintallerin@hotmail.com,DISCAPACIDAD INTELECTUAL
LICEO CUADRANGULAR SINAI,KENNEDY,"CLL. 44A SUR N°.82A-51 Pastrana",2640666,LiceoCSinaí@terra.edu.co,DISCAPACIDAD INTELECTUAL
LICEO INFANTIL SAN JUAN GABRIEL PERBOYRE,KENNEDY,"CR. 87 I N°. 37-06 SUR Patio Bonito II",2658253,jgperoyre@yahoo.com,DISCAPACIDAD INTELECTUAL
LICEO NUEVOS HORIZONTES,KENNEDY,"CLL. 55 SUR N°.101A-35 San Martín",7851205,horizontes99@yahoo.com,DISCAPACIDAD INTELECTUAL
PREESCOLAR HORMIGUITAS,KENNEDY,"KR 78 #5-42 Mandalay",4504551,hormiguitaspreescolar@yahoo.es,DISCAPACIDAD INTELECTUAL
BÁSICA Y MEDIA O.E.A (IED),KENNEDY,"CRA 68 35-35 SUR Kennedy",,,"DISCAPACIDAD INTELECTUAL"
CENTROS CRECER,KENNEDY,"Carrera 74 # 42 G - 52 SUR",4542335,,DISCAPACIDAD INTELECTUAL
COLEGIO INSTITUTO TECNICO INTERNACIONAL (IED),FONTIBÓN,"Cadel Fontibón Calle 25 B # 81 – 55 Barrio Santa Cecilia",2633144,,DISCAPACIDAD INTELECTUAL
COLEGIO PABLO NERUDA (IED),FONTIBÓN,"Cadel Fontibón Calle 25 B # 81 – 55 Barrio Santa Cecilia",2633144,,DISCAPACIDAD INTELECTUAL
COLEGIO VILLEMAR EL CARMEN (IED),FONTIBÓN,"Cadel Fontibón Calle 25 B # 81 – 55 Barrio Santa Cecilia",2633144,,DISCAPACIDAD INTELECTUAL
INSTITUCION EDUCATIVA GIMNASIO CAMELOT,FONTIBÓN,"CR. 86 NO. 34A-18 Ferrocaja",2955138,,DISCAPACIDAD INTELECTUAL
CENTRO DE ESTIMULACION TEMPRANA DESPERTAR,FONTIBÓN,"KR 73 C 24 D 44",2952679,,DISCAPACIDAD INTELECTUAL
INSTITUCION EDUCATIVA GIMNASIO NUEVO REINO,FONTIBÓN,"KR 74A 24B-13 Modelia",4104971,info@mireino.edu.co,DISCAPACIDAD INTELECTUAL
LICEO PSICOPEDAGÓGICO ELLEN KEY,FONTIBÓN,"KR 81 D 24 B-96 Santa Cecilia",2631838,rectora@colegioellenkey.edu.co,DISCAPACIDAD INTELECTUAL
CENTROS CRECER,FONTIBÓN,"Calle 22 F # 106 – 28",3166293961,,DISCAPACIDAD INTELECTUAL
COLEGIO CHARRY (IED),ENGATIVÁ,"Cadel Engativá Carrera 68 F # 63 – 04 Barrio Bosque Popular",6606486,,DISCAPACIDAD INTELECTUAL
COLEGIO GARCES NAVAS (IED),ENGATIVÁ,"Cadel Engativá Carrera 68 F # 63 – 04 Barrio Bosque Popular",6606486,,DISCAPACIDAD INTELECTUAL
COLEGIO REPÚBLICA DE CHINA (IED),ENGATIVÁ,,,,"DISCAPACIDAD INTELECTUAL"
COLEGIO INSTITUTO TECNICO LAUREANO GOMEZ (IED),ENGATIVÁ,"Cadel Engativá Carrera 68 F # 63 – 04 Barrio Bosque Popular",6606486,,DISCAPACIDAD INTELECTUAL
COLEGIO NACIONES UNIDAS (IED),ENGATIVÁ,"Cadel Engativá Carrera 68 F # 63 – 04 Barrio Bosque Popular",6606486,,DISCAPACIDAD INTELECTUAL
COLEGIO REPÚBLICA DE BOLIVIA (IED),ENGATIVÁ,"Cadel Engativá Carrera 68 F # 63 – 04 Barrio Bosque Popular",6606486,,DISCAPACIDAD INTELECTUAL
COLEGIO RODOLFO LLINAS (IED),ENGATIVÁ,"Cadel Engativá Carrera 68 F # 63 – 04 Barrio Bosque Popular",6606486,,DISCAPACIDAD INTELECTUAL
COLEGIO SAN JOSE NORTE (IED),ENGATIVÁ,"Cadel Engativá Carrera 68 F # 63 – 04 Barrio Bosque Popular",6606486,,DISCAPACIDAD INTELECTUAL
COLEGIO CHORRILLOS (IED),ENGATIVÁ,"Cadel Engativá Carrera 68 F # 63 – 04 Barrio Bosque Popular",6606486,,DISCAPACIDAD INTELECTUAL
FUNDACIÓN APRENDER,ENGATIVÁ,"carrera 70d bis# 73-04",,,"DISCAPACIDAD INTELECTUAL"
COLEGIO MADRE ADELA,ENGATIVÁ,"Carrera 84 # 69A - 57",2233139,colmadreadela@hotmail.com,DISCAPACIDAD INTELECTUAL
CENTRO DE ESTIMULACIÓN PARA EL APRENDIZAJE,ENGATIVÁ,"Calle. 71B N°.91-34",2917908,cehuellitas@gmail.com,DISCAPACIDAD INTELECTUAL
COLEGIO COOP COMUNAL TABORA,ENGATIVÁ,"CLL. 72A N°.78A-04 Tabora",2525406,cooptabora@andinet.com,DISCAPACIDAD INTELECTUAL
COLEGIO ESTRADA DE MARIA AUXILIADORA,ENGATIVÁ,"KR 69A #66-27 La Estrada",2504646,colegioreuven@yahoo.com,DISCAPACIDAD INTELECTUAL
GIMNASIO INFANTIL MI PRIMERA U,ENGATIVÁ,"KR 70C 65-17 San Joaquín",2510875,consfu@hotmail.com,DISCAPACIDAD INTELECTUAL
JARDÍN INFANTIL GIMNASIO PAULO FREIRE,ENGATIVÁ,"CL 66 #74-17 El Real",4361102,gimnasiopaulofreire@yahoo.com,DISCAPACIDAD INTELECTUAL
JARDIN INFANTIL MI TALLERCITO MIRIAN,ENGATIVÁ,"CLL. 75 N°.72-63 Santa María",2513593,MiTallercito1@starmedia.com,DISCAPACIDAD INTELECTUAL
CENTROS CRECER,ENGATIVÁ,"Carrera 70 C # 48 – 29",,,"DISCAPACIDAD INTELECTUAL"
COLEGIO DELIA ZAPATA OLIVELLA (IED),SUBA,"CALLE 163 N.92 96 Barrio Fontanar del Río",6897665,,DISCAPACIDAD INTELECTUAL
LA NUEVA GAITANA (IED),SUBA,"Trv. 126 # 134-88 Barrio La Gaitana",6904265,,DISCAPACIDAD INTELECTUAL
COLEGIO EL SALITRE - SUBA (IED),SUBA,"Dirección CLL 163 No. 92-96 Barrio El Salitre",6858590,,DISCAPACIDAD INTELECTUAL
COLEGIO GERARDO PAREDES (IED),SUBA,"Dirección CR 94 C No. 129 A - 04 Barrio San Cayetano",6813272,,DISCAPACIDAD INTELECTUAL
COLEGIO GERARDO MOLINA RAMIREZ (IED),SUBA,"Dirección CRA 143 No. 142A-62 Barrio Ciudadela CAFAM II Sector",7016779,,DISCAPACIDAD INTELECTUAL
COLEGIO GONZALO ARANGO (IED),SUBA,"Dirección CLL 130 A No. 98-71 Barrio Aures II",6857674,,DISCAPACIDAD INTELECTUAL
COLEGIO HUNZA (IED),SUBA,"Dirección CLL 128 B No. 87D-05 Barrio Ciudad Hunza",6921630,,DISCAPACIDAD INTELECTUAL
COLEGIO LA TOSCANA - LISBOA (IED),SUBA,"Dirección CLL 132 D bis # 132-05 Barrio Toscana",6904984,,DISCAPACIDAD INTELECTUAL
COLEGIO RAMON DE ZUBIRIA (IED),SUBA,"Dirección DG 129 B BIS No. 93 B - 51 Barrio Naranjos El Rincón",6811682,,DISCAPACIDAD INTELECTUAL
COLEGIO VISTA BELLA (IED),SUBA,"Dirección CL 167 A No. 54B-40 Barrio Vista Bella",6681816,,DISCAPACIDAD INTELECTUAL
CORPORACIÓN SÍNDROME DE DOWN,SUBA,"Calle 119ª Nº 70-48, Bogotá",,corporacionsindromededown.org,DISCAPACIDAD INTELECTUAL
COLEGIO SANTA MARIANA DE JESUS,SUBA,"Cl. 194 N. 45 - 51",6703802,,DISCAPACIDAD INTELECTUAL
ALLEGRO PREESCOLAR,SUBA,"CL 134 A 11 09",2741624,allegropreescolarsas@hotmail.com,DISCAPACIDAD INTELECTUAL
CENTRO EDUCATIVO DISTRITAL LA PALMA,SUBA,"KR 88C #130 D-41 El Rincón",6924140,,DISCAPACIDAD INTELECTUAL
COLEGIO ALVERNIA,SUBA,"TV 77 #162-55 Suba Cerros",6921335,info@colegioalvernia.edu.co,DISCAPACIDAD INTELECTUAL
INSTITUCION EDUCATIVA GIMNASIO FRANCISCANO DE SUBA,SUBA,"CR. 110 B # 136 A -57 Barrio Villa Maria",6971482,,DISCAPACIDAD INTELECTUAL
LICEO TERIOSKA,SUBA,"CLL. 134 N°.40-07 San José Del Prado",2584775,lterioska@procesos-humanos.com.co,DISCAPACIDAD INTELECTUAL
PREESCOLAR PSICOPEDAGÓGICO CONDEMARIN,SUBA,"CLL 130 C BIS 98-06 Aures",6832979,condemarin1967@hotmail.com,DISCAPACIDAD INTELECTUAL
INSTITUCION EDUCATIVA GIMNASIO EDUCATIVO CUNDINAMARCA,SUBA,"CR. 98A NO.136-28 La Chucua",6811820,,DISCAPACIDAD INTELECTUAL
GUARDERIA Y JARDIN INFANTIL GLOBITO ROJO,SUBA,"CLL. 126 B N°.40-97 Barrio Tierra Linda",2586070,gjglobitorojo@yahoo.com,DISCAPACIDAD INTELECTUAL
JARDIN INFANTIL CARITAS FELICES,SUBA,"CR. 51 N°. 167-57 Granada norte",5283634,,DISCAPACIDAD INTELECTUAL
LICEO INFANTIL EL TRENCITO DE MICKEI Y MINNNIE,SUBA,"CR. 109 NO. 142A -14",6880699,liceotrencito@yahoo.com,DISCAPACIDAD INTELECTUAL
LICEO DE CIENCIA Y CULTURA HARDVARD,SUBA,"CR. 106 N°. 151-65",6815129,,DISCAPACIDAD INTELECTUAL
COLEGIO COLOMBO HEBREO,SUBA,"AC 153 # 50-65 Mazuren",6711303,rectoria@cch.edu.co,DISCAPACIDAD INTELECTUAL
CENTROS CRECER,SUBA,"Carrera 125 B # 131 A 10",,,"DISCAPACIDAD INTELECTUAL"
COLEGIO ALEMANIA SOLIDARIA (IED),BARRIOS UNIDOS,"Cadel Barrios Unidos Calle 74 A # 63 – 04 Barrio San Fernando",6607675,,DISCAPACIDAD INTELECTUAL
COLEGIO REPUBLICA DE PANAMA (IED),BARRIOS UNIDOS,"Cadel Barrios Unidos Calle 74 A # 63 – 04 Barrio San Fernando",6607675,,DISCAPACIDAD INTELECTUAL
COLEGIO JORGE ELIECER GAITAN (IED),BARRIOS UNIDOS,"Cadel Barrios Unidos Calle 74 A # 63 – 04 Barrio San Fernando",6607675,,DISCAPACIDAD INTELECTUAL
COLEGIO JUAN FRANCISCO BERBEO (IED),BARRIOS UNIDOS,"Cadel Barrios Unidos Calle 74 A # 63 – 04 Barrio San Fernando",6607675,,DISCAPACIDAD INTELECTUAL
COLEGIO TECNICO DOMINGO FAUSTINO SARMIENTO (IED),BARRIOS UNIDOS,"Cadel Barrios Unidos Calle 74 A # 63 – 04 Barrio San Fernando",6607675,,DISCAPACIDAD INTELECTUAL
CENTROS CRECER,BARRIOS UNIDOS,"Calle # 42 G, Carrera. 74 #52",,,"DISCAPACIDAD INTELECTUAL"
FUNDACIÓN NIÑEZ Y DESARROLLO,BARRIOS UNIDOS,"Av. (Cr60) 63-63",3108259,www.fndcolombia.org,DISCAPACIDAD INTELECTUAL
COLEGIO LICEO NACIONAL ANTONIA SANTOS (IED),MÁRTIRES,"CADEL Mártires Carrera 30 # 1 A – 20 Barrio Santa Isabel Sur",3512454,,DISCAPACIDAD INTELECTUAL
COLEGIO RICAURTE (CONCEJO) (IED),MÁRTIRES,"CADEL Mártires Carrera 30 # 1 A – 20 Barrio Santa Isabel Sur",3512454,,DISCAPACIDAD INTELECTUAL
COLEGIO SAN FRANCISCO DE ASIS (IED),MÁRTIRES,"CADEL Mártires Carrera 30 # 1 A – 20 Barrio Santa Isabel Sur",3512454,,DISCAPACIDAD INTELECTUAL
CENTRO EDUCATIVO DISTRITAL PANTALEON GAITAN PEREZ,MÁRTIRES,"AK 11 ESTE 11-10 SUR",2466284,cedpantaleongaita4@redp.edu.co,DISCAPACIDAD INTELECTUAL
CENTROS CRECER,MÁRTIRES,"Avenida Calle 1 # 24 B – 26",3330467,,DISCAPACIDAD INTELECTUAL
COLEGIO ESCUELA NORMAL SUPERIOR DISTRITAL MARIA MONTESSORI (IED),ANTONIO NARIÑO,"Cadel Antonio Nariño Diagonal 14 SUR # 12 C – 26 Barrio Ciudad Jardín Sur",2391010,,DISCAPACIDAD INTELECTUAL
COLEGIO ANTONIO JOSE DE SUCRE (IED),PUENTE ARANDA,"CADEL de Puente Aranda Carrera 34 # 12 – 17",3708517,,DISCAPACIDAD INTELECTUAL
COLEGIO DE CULTURA POPULAR (IED),PUENTE ARANDA,"CADEL de Puente Aranda Carrera 34 # 12 – 17",3708517,,DISCAPACIDAD INTELECTUAL
COLEGIO JOSE MANUEL RESTREPO (IED),PUENTE ARANDA,"CADEL de Puente Aranda Carrera 34 # 12 – 17",3708517,,DISCAPACIDAD INTELECTUAL
COLEGIO JULIO GARAVITO ARMERO (IED),PUENTE ARANDA,"CADEL de Puente Aranda Carrera 34 # 12 – 17",3708517,,DISCAPACIDAD INTELECTUAL
COLEGIO MARCO ANTONIO CARREÑO SILVA (IED),PUENTE ARANDA,"CADEL de Puente Aranda Carrera 34 # 12 – 17",3708517,,DISCAPACIDAD INTELECTUAL
COLEGIO SILVERIA ESPINOSA DE RENDON (IED),PUENTE ARANDA,"CADEL de Puente Aranda Carrera 34 # 12 – 17",3708517,,DISCAPACIDAD INTELECTUAL
COLEGIO TECNICO BENJAMIN HERRERA (IED),PUENTE ARANDA,"CADEL de Puente Aranda Carrera 34 # 12 – 17",3708517,,DISCAPACIDAD INTELECTUAL
COLEGIO MI SEGUNDO HOGAR,PUENTE ARANDA,"CL 37D SUR 72H-59 Provivienda",2644430,colegiomi2hogar@hotmail.com,DISCAPACIDAD INTELECTUAL
JARDIN INFANTIL CASITA DE PIEDRA,PUENTE ARANDA,"CR. 42 NO. 29-32 SUR Muzu",2029098,,DISCAPACIDAD INTELECTUAL
JARDIN INFANTIL UNIVERSO DEL SABER,PUENTE ARANDA,"CR. 49 BIS NO.11-39 SUR San Eusebio",2035946,natamca@yahoo.com.ar,DISCAPACIDAD INTELECTUAL
LICEO ARCO IRIS,PUENTE ARANDA,"CR. 53B #1-20 Galán",2609051,,DISCAPACIDAD INTELECTUAL
LICEO REYNEL,PUENTE ARANDA,"DG. 42 SUR NO.55-25 Alquería",2703154,colegioliceoreynel@hotmail.com,DISCAPACIDAD INTELECTUAL
UNIDAD EDUCATIVA JEAN PIAGET,PUENTE ARANDA,"CLL. 2B NO.70A-57 Hipotecho occidental",2607561,uejeanpiaget@yahoo.es,DISCAPACIDAD INTELECTUAL
COLEGIO INTEGRADA LA CANDELARIA (IED),CANDELARIA,"CADEL CANDELARIA Calle 12C # 2 – 65 BARRIO La Concordia",3419449,,DISCAPACIDAD INTELECTUAL
COLEGIO DE INTEGRACION ESCOLAR LUZ Y VIDA,CANDELARIA,"Carrera 8 # 6 B - 38",7042925,colegiointegracionluzyvida@hotmail.com,DISCAPACIDAD INTELECTUAL
COLEGIO ANTONIO BARAYA (IED),RAFAÉL URIBE URIBE,"CADE Rafael Uribe Av. Caracas # 41B - 30 SUR Barrio Santa Lucia",,,"DISCAPACIDAD INTELECTUAL"
COLEGIO EL LIBERTADOR (IED),RAFAÉL URIBE URIBE,"CADE Rafael Uribe Av. Caracas # 41B - 30 SUR Barrio Santa Lucia",,,"DISCAPACIDAD INTELECTUAL"
COLEGIO GUSTAVO RESTREPO (IED),RAFAÉL URIBE URIBE,"CADE Rafael Uribe Av. Caracas # 41B - 30 SUR Barrio Santa Lucia",,,"DISCAPACIDAD INTELECTUAL"
COLEGIO JOSE MARTI (IED),RAFAÉL URIBE URIBE,"CADE Rafael Uribe Av. Caracas # 41B - 30 SUR Barrio Santa Lucia",,,"DISCAPACIDAD INTELECTUAL"
COLEGIO LICEO FEMENINO MERCEDES NARIÑO (IED),RAFAÉL URIBE URIBE,"CADE Rafael Uribe Av. Caracas # 41B - 30 SUR Barrio Santa Lucia",,,"DISCAPACIDAD INTELECTUAL"
COLEGIO SAN AGUSTIN (IED),RAFAÉL URIBE URIBE,"CADE Rafael Uribe Av. Caracas # 41B - 30 SUR Barrio Santa Lucia",,,"DISCAPACIDAD INTELECTUAL"
MANUEL DEL SOCORRO (IED),RAFAÉL URIBE URIBE,"Rafael Uribe Uribe AVEN. 44 23A-52",,,"DISCAPACIDAD INTELECTUAL"
COLEGIO ACACIA II (IED),CIUDAD BOLÍVAR,"CADEL L Ciudad Bolívar Calle 60 A SUR # 28 – 80 Barrio Arborizadora Baja",7313442,,DISCAPACIDAD INTELECTUAL
COLEGIO SAN FRANCISCO (IED),CIUDAD BOLÍVAR,"CADEL L Ciudad Bolívar Calle 60 A SUR # 28 – 80 Barrio Arborizadora Baja",7313442,,DISCAPACIDAD INTELECTUAL
COLEGIO ANTONIO GARCIA (IED),CIUDAD BOLÍVAR,"CADEL L Ciudad Bolívar Calle 60 A SUR # 28 – 80 Barrio Arborizadora Baja",7313442,,DISCAPACIDAD INTELECTUAL
COLEGIO ARBORIZADORA ALTA (IED),CIUDAD BOLÍVAR,"CADEL L Ciudad Bolívar Calle 60 A SUR # 28 – 80 Barrio Arborizadora Baja",7313442,,DISCAPACIDAD INTELECTUAL
COLEGIO CEDID CIUDAD BOLIVAR (IED),CIUDAD BOLÍVAR,"CADEL L Ciudad Bolívar Calle 60 A SUR # 28 – 80 Barrio Arborizadora Baja",7313442,,DISCAPACIDAD INTELECTUAL
COLEGIO COMPARTIR RECUERDO (IED),CIUDAD BOLÍVAR,"CADEL L Ciudad Bolívar Calle 60 A SUR # 28 – 80 Barrio Arborizadora Baja",7313442,,DISCAPACIDAD INTELECTUAL
COLEGIO CUNDINAMARCA (IED),CIUDAD BOLÍVAR,"CADEL L Ciudad Bolívar Calle 60 A SUR # 28 – 80 Barrio Arborizadora Baja",7313442,,DISCAPACIDAD INTELECTUAL
COLEGIO EL PARAÍSO DE MANUELA BELTRÁN (IED),CIUDAD BOLÍVAR,"CADEL L Ciudad Bolívar Calle 60 A SUR # 28 – 80 Barrio Arborizadora Baja",7313442,,DISCAPACIDAD INTELECTUAL
COLEGIO ESTRELLA DEL SUR (IED),CIUDAD BOLÍVAR,"CADEL L Ciudad Bolívar Calle 60 A SUR # 28 – 80 Barrio Arborizadora Baja",7313442,,DISCAPACIDAD INTELECTUAL
COLEGIO FANNY MIKEY (IED),CIUDAD BOLÍVAR,"CADEL L Ciudad Bolívar Calle 60 A SUR # 28 – 80 Barrio Arborizadora Baja",7313442,,DISCAPACIDAD INTELECTUAL
COLEGIO ISMAEL PERDOMO (IED),CIUDAD BOLÍVAR,"CADEL L Ciudad Bolívar Calle 60 A SUR # 28 – 80 Barrio Arborizadora Baja",7313442,,DISCAPACIDAD INTELECTUAL
COLEGIO LA ARABIA (IED),CIUDAD BOLÍVAR,"CADEL L Ciudad Bolívar Calle 60 A SUR # 28 – 80 Barrio Arborizadora Baja",7313442,,DISCAPACIDAD INTELECTUAL
COLEGIO NICOLAS GOMEZ DAVILA (IED),CIUDAD BOLÍVAR,"CADEL L Ciudad Bolívar Calle 60 A SUR # 28 – 80 Barrio Arborizadora Baja",7313442,,DISCAPACIDAD INTELECTUAL
COLEGIO RURAL JOSE CELESTINO MUTIS (IED),CIUDAD BOLÍVAR,"CADEL L Ciudad Bolívar Calle 60 A SUR # 28 – 80 Barrio Arborizadora Baja",7313442,,DISCAPACIDAD INTELECTUAL
COLEGIO SIERRA MORENA (IED),CIUDAD BOLÍVAR,"CADEL L Ciudad Bolívar Calle 60 A SUR # 28 – 80 Barrio Arborizadora Baja",7313442,,DISCAPACIDAD INTELECTUAL
COLEGIO SOTAVENTO (IED),CIUDAD BOLÍVAR,"CADEL L Ciudad Bolívar Calle 60 A SUR # 28 – 80 Barrio Arborizadora Baja",7313442,,DISCAPACIDAD INTELECTUAL
COLEGIO RURAL QUIBA ALTA (IED),CIUDAD BOLÍVAR,"CADEL L Ciudad Bolívar Calle 60 A SUR # 28 – 80 Barrio Arborizadora Baja",7313442,,DISCAPACIDAD INTELECTUAL
COLEGIO VILLAMAR (IED),CIUDAD BOLÍVAR,"CADEL L Ciudad Bolívar Calle 60 A SUR # 28 – 80 Barrio Arborizadora Baja",7313442,,DISCAPACIDAD INTELECTUAL
CENTRO EDUCATIVO DISTRITAL ISMAEL PERDOMO,CIUDAD BOLÍVAR,"CL 64 SUR 71F-18 Ismael Perdomo",7759068,Cedismaelperdomo19@Redp.Edu.Co,DISCAPACIDAD INTELECTUAL
CENTRO EDUCATIVO DISTRITAL ROCKEFELLER,CIUDAD BOLÍVAR,"Kr 27 #55a-18 Sur San Vicente Ferrer",2309040,,DISCAPACIDAD INTELECTUAL
COLEGIO CRISTIANO EL PACTO,CIUDAD BOLÍVAR,"Cl. 78 Sur No.40-05 Potosí",7171447,Martinpacto@Hotmail.Com,DISCAPACIDAD INTELECTUAL
COLEGIO DIEGO ANDRES,CIUDAD BOLÍVAR,"Cr. 21 No.62-58 Sur Las Acacias",7158810,Colegiodiegoandres@Hotmail.Com,DISCAPACIDAD INTELECTUAL
COLEGIO ROMULO GALLEGOS,CIUDAD BOLÍVAR,"KR 17 D 64 B 31 SUR Lucero Del Sur",7654823,Colegioromulogallegos@Hotmail.Com,DISCAPACIDAD INTELECTUAL
COLEGIO VASCO NUÑEZ DE BALBOA,CIUDAD BOLÍVAR,"Cr. 16b No.65a-20 Sur México",7905253,Colvasco@Hotmail.Com,DISCAPACIDAD INTELECTUAL
JARDIN INFANTIL GIMNASIO DE ENSEÑANZA LA SABANA,CIUDAD BOLÍVAR,"Cr. 65b No. 61-20 Sur Madelena",2042612,Ges_Saban@Yahoo.Com,DISCAPACIDAD INTELECTUAL
CALASANZ (IED),CIUDAD BOLÍVAR,"Carrera 17f #77-75 sur Ciudad Bolívar",,,"DISCAPACIDAD INTELECTUAL"
COLEGIO CAMPESTRE JAIME GARZON (IED),SUMAPAZ,"CADEL de Sumapaz Calle 48B SUR # 27 – 80",7133444,,DISCAPACIDAD INTELECTUAL
COLEGIO GIMNASIO DEL CAMPO JUAN DE LA CRUZ VARELA (IED),SUMAPAZ,"CADEL de Sumapaz Calle 48B SUR # 27 – 80",7133444,,DISCAPACIDAD INTELECTUAL
FUNDACIÓN CORPOALEGRÍA,TEUSAQUILLO,"Calle 45 # 66A - 27",4763827,corpoalegria@gmail.com,DISCAPACIDAD INTELECTUAL
ASOCIACION CENTRO EDUCACION ESPECIAL,TEUSAQUILLO,"carrera 16# 32- 78 Teusaquillo Bogotá",,,"DISCAPACIDAD INTELECTUAL"
CENTRO DE EDUCACIÓN ESPECIAL DEL NIÑO DIFERENTE,TEUSAQUILLO,"Carrera 27 #.45 – 31, Belalcázar, Bogotá",3378771,,DISCAPACIDAD INTELECTUAL
CENTRO DE EDUCACIÓN ESPECIAL CREO EN TI,TEUSAQUILLO,"calle 49# 102-34",,,"DISCAPACIDAD INTELECTUAL"
MANUELA BELTRÁN (IED),TEUSAQUILLO,"DIRECCION: Av. Caracas # 57 / 58 Teusaquillo",2494003,,DISCAPACIDAD INTELECTUAL
CENTRO DE INVESTIGACION Y DESARROLLO INFANTIL. CIDIE,TEUSAQUILLO,"Carrera 19 #.74 – 44, San Felipe",2175067,,DISCAPACIDAD INTELECTUAL
CENTRO DE REHABILITACION SUPERAR LTDA,TEUSAQUILLO,"Carrera 19 #.63 – 36, San Luis",2126678,glow.@starmedia.com,DISCAPACIDAD INTELECTUAL
I.P.S YENNYZORAYA SALAZAR M SAS - GIMNASIO GOLEMAN,TEUSAQUILLO,"Carrera 35 Bis No 58-69 sedes I-II-III",7531751,golleman@hotmail.com,DISCAPACIDAD INTELECTUAL
COLEGIO AQUILEO PARRA (IED),USAQUÉN,"KR 18 A # 187 – 67 Usaquén",6704916,insdiaquileoparrav1@redp.edu.co,DISCAPACIDAD INTELECTUAL
COLEGIO BACHILLERATO PATRIA,USAQUÉN,"CALLE 100 con CARRERA 11",6373328,bachilleratopatria@hotmail.com,DISCAPACIDAD INTELECTUAL
COLEGIO ACAD LA SALLE SAN BENILDO,USAQUÉN,"Cr. 7 No.172-85",6711955,alsalle1@redp.edu.co,DISCAPACIDAD INTELECTUAL
LICEO DEL EJERCITO PATRIA,USAQUÉN,"Cl. 106 No.9-13",2150545,anjuher@yahoo.com,DISCAPACIDAD INTELECTUAL
INSTITUTO PEDAGÓGICO NACIONAL,USAQUÉN,"Cl. 127 No.12A-20",6276830,,DISCAPACIDAD INTELECTUAL
JARDIN INFANTIL MI BELLA EPOCA,USAQUÉN,"Cr. 17 No.136-23",2585013,jorgerobles@insurer.com,DISCAPACIDAD INTELECTUAL
FUNDACION COLEGIO CLARA CASAS MORALES,USAQUÉN,"Cr. 23 No.168 – 20",6789982,colegioclaracasas@hotmail.com,DISCAPACIDAD INTELECTUAL
COLEGIO EUCARISTICO,USAQUÉN,"Cl. 170 No.36-32",6722474,cevgadmin@cable.net.co,DISCAPACIDAD INTELECTUAL
COLEGIO DEL SAGRADO CORAZON DE MARIA,USAQUÉN,"Cr. 31 No. 188-35",5280885,,DISCAPACIDAD INTELECTUAL
COLEGIO COSMOS,USAQUÉN,"Cl. 140 No.16-70",2741051,,DISCAPACIDAD INTELECTUAL
COLEGIO JOSE MANUEL MARROQUIN,USAQUÉN,"Cr. 20 No.164-24",6717821,,DISCAPACIDAD INTELECTUAL
JARDIN INFANTIL GARABATOS,USAQUÉN,"Cl. 101 No.20-28",6171028,ballarincar@hotmail.com,DISCAPACIDAD INTELECTUAL
JARDIN INFANTIL GIMNASIO DE LA INFANCIA,USAQUÉN,"Transversal. 9B No.109-15",2133362,haca@cable.net.co,DISCAPACIDAD INTELECTUAL
INSTITUCION SAN FERNANDO FERRINI SEDE CEDRITOS,USAQUÉN,"Cr. 13 135 33",6250689,,DISCAPACIDAD INTELECTUAL
GIMNASIO ALTOS DE SUIZA,USAQUÉN,"Calle 152 # 7a -46",2744038,,DISCAPACIDAD INTELECTUAL
ESCUELA PEDAGOGICA EXPERIMENTAL,USAQUÉN,"Km. 4.5 Vía La Calera",091860893,corepe@yahoo.com,DISCAPACIDAD INTELECTUAL
CENTRO EDUCATIVO Y CULTURAL ESPAÑOL REYES CATOLICOS,USAQUÉN,"Cl. 129 No.12A-84",2748742,,DISCAPACIDAD INTELECTUAL
COLEGIO DIURNO RUIZ DE ALARCON,USAQUÉN,"Cl. 183 No.29-70",6789423,ruizdeal@hotmail.com,DISCAPACIDAD INTELECTUAL
COLEGIO GRECOLATINO BACHILLERATO DIURNO Y NOCTURNO,USAQUÉN,"Av. 7 No.152-06",5261632,,DISCAPACIDAD INTELECTUAL
COLEGIO AGUSTIN FERNANDEZ (IED),USAQUÉN,"KR 7 # 155 – 20",6791049,coldiagustinfernan1@redp.edu.co,DISCAPACIDAD INTELECTUAL
COLEGIO NUEVO HORIZONTE (IED),USAQUÉN,"CARRERA 3 # 186 B – 04",6790669,cednvohorizonte1@redp.edu.co,DISCAPACIDAD INTELECTUAL
COLEGIO DIVINO MAESTRO (IED),USAQUÉN,"AV. CARRERA 7 D # 163 A – 56",6698282,coldivinomaestro1@redp.edu.co,DISCAPACIDAD INTELECTUAL
COLEGIO USAQUEN (IED),USAQUÉN,"Carrera 14C # 164",6696782,,DISCAPACIDAD INTELECTUAL
CENTRO EDUCATIVO NACIONAL PILOTO BAVARIA,USAQUÉN,"KR 8C 163B-20 San Cristóbal Norte",5260673,coldivinomaestro1@redp.edu.co,DISCAPACIDAD INTELECTUAL
COLEGIO ALTA BLANCA,USAQUÉN,"CL 157 #7H-70 Barrancas Norte",6703303,liceoaltablanca@etb.net.co,DISCAPACIDAD INTELECTUAL
COLEGIO ANGLO COLOMBIANO,USAQUÉN,"AK 19 #152A-48 Las Margaritas",2595700,aortiz@anglocolombiano.edu.co,DISCAPACIDAD INTELECTUAL
COLEGIO SANTA MARIA,USAQUÉN,"KR 11 #185B-17 Verbenal",6714440,mjzuleta@csm.edu.co,DISCAPACIDAD INTELECTUAL
INSTITUCION EDUCATIVA GIMNASIO LA ARBOLEDA,USAQUÉN,"KR 8C #184-23 Tibabita",6690107,academica@gimnasiolaarboleda.edu.co,DISCAPACIDAD INTELECTUAL
PREESCOLAR TIM TEORIA DE INTELIGENCIAS MULTIPLES,USAQUÉN,"KR 20 #140-22 Los Cedros",6276323,directora@timkindergarden.com,DISCAPACIDAD INTELECTUAL
COLEGIO DE LA REINA,USAQUÉN,"AC 183 313-90 Verbenal San Antonio",6714255,coldelareina@etb.net.co,DISCAPACIDAD INTELECTUAL
COLEGIO PENSAR ANDINO,USAQUÉN,"CL 142 #18A-07 El Contador",8628668,pensarandino@hotmail.com,DISCAPACIDAD INTELECTUAL
CENTRO EDUCATIVO DISTRITAL SAN CRISTOBAL NORTE,USAQUÉN,"KR 7D 163A-56 San Cristóbal Norte",6698282,,DISCAPACIDAD INTELECTUAL
ACADEMIA LA SALLE SAN BENILDO,USAQUÉN,"KR 7 172 85",6711955,alsalle1@redp.edu.co,DISCAPACIDAD INTELECTUAL
CENTRO DE EDUCACION Y REHABILITACION SANTA MARIA DE LA PROVIDENCIA,USAQUÉN,"Calle 170 # 19-11",6744512,,DISCAPACIDAD INTELECTUAL
COLEGIO SALUDCOOP NORTE (IED),USAQUÉN,"CL 181 # 18 B – 83",6775954,secretaria.academica@colsaludcoopnorte.edu.co,DISCAPACIDAD INTELECTUAL
COLEGIO FILADELFIA PARA SORDOS,CHAPINERO,"Calle 59 no. 14 A-58; Chapinero",2492142,,DISCAPACIDAD AUDITIVA
FUNDACIÓN REHABILITACIÓN INTEGRAL FRINE,CHAPINERO,"Calle 44 # 17 – 45",3231414,Info@frine.org,DISCAPACIDAD AUDITIVA
INSTITUTO NACIONAL PARA SORDOS. INSOR,CHAPINERO,"Cra 89 A No C 64C30 Álamos Zona industrial",5421222,insor@andinet.com,DISCAPACIDAD AUDITIVA
ALMIRANTE PADILLA (IED),USME,"Calle 76 A No 1d59 Este",7672628,,DISCAPACIDAD AUDITIVA
INSTITUTO FUNDACIÓN INTEGRAL DE AUDICIÓN Y LENGUAJE SENTIR,ENGATIVÁ,"Carrera.70c #54-69 Normandía Sector I, Bogotá",2634910,,DISCAPACIDAD AUDITIVA
INSTITUTO NUESTRA SEÑORA DE LA SABIDURÍA,ANTONIO NARIÑO,"Calle 22 Sur # 11b- 51",2393742,,DISCAPACIDAD AUDITIVA
FUNDACIÓN ICAL IPS ICAL,USAQUÉN,"Bario Usaquén Carrera 7C No. 122-22",2135040,,DISCAPACIDAD AUDITIVA
INSTITUTO NACIONAL PARA CIEGOS INCI,SANTA FÉ,"Carlos Parra Dussan, Director General",3846666,Direccióninci@inci.gov.co,DISCAPACIDAD VISUAL
FUNDACIÓN COLOMBIA PARA LA DISCAPACIDAD VISUAL,CHAPINERO,"Calle 56 No 7-85",2492012,info@bajavisioncolombia.com,DISCAPACIDAD VISUAL
FUNDACIÓN VER,USAQUÉN,"Calle 101 No 12- 42",5522500,Info@Fundacionver.Org,DISCAPACIDAD VISUAL
FUNDACIÓN JUAN ANTONIO PARDO OSPINA,CANDELARIA,"Carrera 8 Este No. 12 30 Sur",2897302,ninosciegos@hotmail.com,DISCAPACIDAD VISUAL
FUNDACIÓN CENTRO DE REHABILITACIÓN PARA ADULTOS CIEGOS. CRAC,PUENTE ARANDA,"Calle 8 Sur # 31b-31. Barrio Santa Matilde",7209046,,DISCAPACIDAD VISUAL
IED AGUSTÍN NIETO CABALLERO,MÁRTIRES,"Carrera 19 # 11 17 Localidad de los Mártires",2375672,,TRASTORNO DEL ESPECTRO AUTISTA

